Iter;McCC;CC;CCL;CCO;CI;CLC;CLLC;LDC;LLDC;LCOM5;NL;NLE;WMC;CBO;CBOI;NII;NOI;RFC;AD;CD;CLOC;DLOC;PDA;PUA;TCD;TCLOC;DIT;NOA;NOC;NOD;NOP;LLOC;LOC;NATTR;NG;NLA;NLG;NLM;NLPA;NLPM;NLS;NM;NOS;NPA;NPM;NS;TLLOC;TLOC;TNA;TNG;TNLA;TNLG;TNLM;TNLPA;TNLPM;TNLS;TNM;TNOS;TNPA;TNPM;TNS;Project;Model;F1X;F1D2;F1D3;F1D4;PrecX;PrecD2;PrecD3;PrecD4;RecallX;RecallD2;RecallD3;RecallD4;AUCX;AUC2;AUC3;AUC4;SENX;SEN2;SEN3;SEN4;SPCX;SPC2;SPC3;SPC4;MCC;MCC2;MCC3;MCC4
100;0;1;0;0;0;0;0;0;0;1;1;0;0;0;0;1;1;0;0;0;0;0;1;1;0;0;0;0;1;0;1;0;0;0;0;1;1;0;1;0;0;0;0;0;0;1;0;0;0;0;0;0;0;0;0;0;0;0;0;0;0;broadleaf-3.0.10;rpart;0.1887782;0.1938102;0.2225781;0.1693936;0.2773498;0.2678822;0.2241935;0.2146341;0.1430843;0.1518283;0.2209857;0.1399046;0.6393881;0.60853;0.6412174;0.606576;0.1430843;0.1518283;0.2209857;0.1399046;0.9524678;0.9470964;0.9025033;0.9347319;0.1291079;0.1279162;0.12910793;0.09045936
100;0;1;0;0;0;0;0;0;0;1;1;0;0;0;0;1;1;0;0;0;0;0;1;1;0;0;0;0;1;0;1;0;0;0;0;1;1;0;1;0;0;0;0;0;0;1;0;0;0;0;0;0;0;0;0;0;0;0;0;0;0;broadleaf-3.0.10;knn;0.1869422;0.1776596;0.1566524;0.1780604;0.228473;0.2684887;0.2409241;0.2670906;0.1581876;0.1327504;0.1160572;0.1335453;0.639507;0.6885113;0.6620468;0.6885061;0.1581876;0.1327504;0.1160572;0.1335453;0.9318942;0.9538867;0.95338;0.9532786;0.1061975;0.1194221;0.10619753;0.1190515
100;0;1;0;0;0;0;0;0;0;1;1;0;0;0;0;1;1;0;0;0;0;0;1;1;0;0;0;0;1;0;1;0;0;0;0;1;1;0;1;0;0;0;0;0;0;1;0;0;0;0;0;0;0;0;0;0;0;0;0;0;0;broadleaf-3.0.10;naive_bayes;0.2564103;0.2746657;0.2589357;0.2781552;0.2584814;0.2518224;0.2587302;0.2527615;0.254372;0.3020668;0.2591415;0.309221;0.6747849;0.6911158;0.6793513;0.6920636;0.254372;0.3020668;0.2591415;0.309221;0.9069626;0.8855782;0.905341;0.8834499;0.162468;0.1735513;0.1624683;0.1767303
100;0;1;0;0;0;0;0;0;0;1;1;0;0;0;0;1;1;0;0;0;0;0;1;1;0;0;0;0;1;0;1;0;0;0;0;1;1;0;1;0;0;0;0;0;0;1;0;0;0;0;0;0;0;0;0;0;0;0;0;0;0;broadleaf-3.0.10;glm;0.2449355;0.253446;0.2423682;0.2492801;0.2910284;0.2875883;0.289823;0.258312;0.2114467;0.2265501;0.2082671;0.2408585;0.6930484;0.6971614;0.691328;0.6879137;0.2114467;0.2265501;0.2082671;0.2408585;0.9343265;0.9284484;0.9349346;0.9118273;0.1681139;0.1723189;0.16811393;0.1574445
100;0;1;0;0;0;0;0;0;0;1;1;0;0;0;0;1;1;0;0;0;0;0;1;1;0;0;0;0;1;0;1;0;0;0;0;1;1;0;1;0;0;0;0;0;0;1;0;0;0;0;0;0;0;0;0;0;0;0;0;0;0;broadleaf-3.0.10;rf;0.1489104;0.1726789;0.1560024;0.1622596;0.3121827;0.3371824;0.3342037;0.3325123;0.09777424;0.1160572;0.1017488;0.1073132;0.7071629;0.7168167;0.7103123;0.7101455;0.09777424;0.1160572;0.1017488;0.1073132;0.9725347;0.9709131;0.9741563;0.9725347;0.120469;0.1424068;0.1204693;0.1348517
100;0;0;0;0;0;1;0;0;0;1;1;0;0;1;1;0;0;0;1;0;0;0;0;1;1;0;0;0;1;0;1;0;0;0;1;1;0;0;1;0;0;0;0;0;1;1;0;0;0;0;0;0;0;0;0;0;0;0;0;0;0;ceylon-ide-eclipse-1.1.0;rpart;0.1463187;0.1463187;0.1463187;0.15427;0.2346786;0.2346786;0.2346786;0.2396576;0.1062965;0.1062965;0.1062965;0.1137441;0.5717181;0.5717181;0.5717181;0.5421485;0.1062965;0.1062965;0.1062965;0.1137441;0.9500098;0.9500098;0.9500098;0.9479594;0.08054628;0.08054628;0.080546283;0.08635386
100;0;0;0;0;0;1;0;0;0;1;1;0;0;1;1;0;0;0;1;0;0;0;0;1;1;0;0;0;1;0;1;0;0;0;1;1;0;0;1;0;0;0;0;0;1;1;0;0;0;0;0;0;0;0;0;0;0;0;0;0;0;ceylon-ide-eclipse-1.1.0;knn;0.01338688;0.005394471;0.01205626;0.005394471;0.5882353;0.6666667;0.5625;0.6666667;0.006770481;0.002708192;0.006093433;0.002708192;0.5698279;0.5777518;0.5731531;0.5772505;0.006770481;0.002708192;0.006093433;0.002708192;0.9993165;0.9998047;0.9993165;0.9998047;0.05308024;0.03686814;0.053080243;0.03686814
100;0;0;0;0;0;1;0;0;0;1;1;0;0;1;1;0;0;0;1;0;0;0;0;1;1;0;0;0;1;0;1;0;0;0;1;1;0;0;1;0;0;0;0;0;1;1;0;0;0;0;0;0;0;0;0;0;0;0;0;0;0;ceylon-ide-eclipse-1.1.0;naive_bayes;0.1971042;0.2043258;0.2003763;0.2121771;0.3177711;0.3189655;0.3281972;0.3328509;0.1428571;0.1503047;0.1442112;0.1557211;0.5990653;0.6103098;0.6068727;0.6160367;0.1428571;0.1503047;0.1442112;0.1557211;0.9557704;0.95372;0.9574302;0.9549893;0.141585;0.1460711;0.1415853;0.1559852
100;0;0;0;0;0;1;0;0;0;1;1;0;0;1;1;0;0;0;1;0;0;0;0;1;1;0;0;0;1;0;1;0;0;0;1;1;0;0;1;0;0;0;0;0;1;1;0;0;0;0;0;0;0;0;0;0;0;0;0;0;0;ceylon-ide-eclipse-1.1.0;glm;0.02770449;0.02772277;0.02902375;0.02253148;0.5384615;0.5526316;0.5641026;0.53125;0.01421801;0.01421801;0.01489506;0.01150982;0.6621311;0.6622757;0.6594124;0.6497234;0.01421801;0.01421801;0.01489506;0.01150982;0.9982425;0.9983402;0.9983402;0.9985354;0.07180683;0.0733124;0.071806833;0.0638877
100;0;0;0;0;0;1;0;0;0;1;1;0;0;1;1;0;0;0;1;0;0;0;0;1;1;0;0;0;1;0;1;0;0;0;1;1;0;0;1;0;0;0;0;0;1;1;0;0;0;0;0;0;0;0;0;0;0;0;0;0;0;ceylon-ide-eclipse-1.1.0;rf;0.02650762;0.03430079;0.02913907;0.03038309;0.625;0.6666667;0.6666667;0.6216216;0.01354096;0.01760325;0.01489506;0.01557211;0.6713102;0.6757055;0.6727836;0.6767514;0.01354096;0.01760325;0.01489506;0.01557211;0.9988284;0.9987307;0.998926;0.9986331;0.07866867;0.09412838;0.078668673;0.08403691
100;0;1;0;0;0;0;0;0;0;1;1;0;0;1;1;0;0;0;1;0;0;0;1;0;0;0;0;1;1;0;1;0;0;0;1;1;1;0;1;0;0;1;0;1;0;0;0;0;0;0;0;0;0;0;0;1;0;0;0;0;0;elasticsearch-0.90.11;rpart;0.09197194;0.1245722;0.09197194;0.08191654;0.3010204;0.2433155;0.3010204;0.2560386;0.05427783;0.08371665;0.05427783;0.04875805;0.6583424;0.6151809;0.6583424;0.6143217;0.05427783;0.08371665;0.05427783;0.04875805;0.9839372;0.9668191;0.9839372;0.981944;0.08563357;0.08276442;0.085633573;0.0669844
100;0;1;0;0;0;0;0;0;0;1;1;0;0;1;1;0;0;0;1;0;0;0;1;0;0;0;0;1;1;0;1;0;0;0;1;1;1;0;1;0;0;1;0;1;0;0;0;0;0;0;0;0;0;0;0;1;0;0;0;0;0;elasticsearch-0.90.11;knn;0.07153966;0.07894737;0.07292475;0.08064516;0.2311558;0.1921708;0.2326733;0.198556;0.04231831;0.04967801;0.04323827;0.05059798;0.603328;0.6264021;0.6042243;0.6271361;0.04231831;0.04967801;0.04323827;0.05059798;0.9820612;0.9733849;0.9818267;0.9739712;0.0542258;0.04335788;0.05422583;0.04651185
100;0;1;0;0;0;0;0;0;0;1;1;0;0;1;1;0;0;0;1;0;0;0;1;0;0;0;0;1;1;0;1;0;0;0;1;1;1;0;1;0;0;1;0;1;0;0;0;0;0;0;0;0;0;0;0;1;0;0;0;0;0;elasticsearch-0.90.11;naive_bayes;0.1207028;0.1502146;0.1257576;0.1553534;0.3558559;0.3376206;0.3562232;0.3245614;0.07267709;0.09659614;0.07635695;0.1021159;0.6977939;0.7116593;0.7060048;0.7143657;0.07267709;0.09659614;0.07635695;0.1021159;0.9832337;0.9758471;0.9824129;0.9729159;0.1178847;0.1296652;0.11788473;0.1282812
100;0;1;0;0;0;0;0;0;0;1;1;0;0;1;1;0;0;0;1;0;0;0;1;0;0;0;0;1;1;0;1;0;0;0;1;1;1;0;1;0;0;1;0;1;0;0;0;0;0;0;0;0;0;0;0;1;0;0;0;0;0;elasticsearch-0.90.11;glm;0.1375274;0.1511879;0.1452678;0.1554922;0.3357143;0.3476821;0.3586957;0.3460317;0.08647654;0.09659614;0.09107636;0.100276;0.6881447;0.684563;0.6878818;0.6837267;0.08647654;0.09659614;0.09107636;0.100276;0.9781921;0.9769023;0.9792473;0.9758471;0.1217861;0.1334352;0.12178613;0.1354129
100;0;1;0;0;0;0;0;0;0;1;1;0;0;1;1;0;0;0;1;0;0;0;1;0;0;0;0;1;1;0;1;0;0;0;1;1;1;0;1;0;0;1;0;1;0;0;0;0;0;0;0;0;0;0;0;1;0;0;0;0;0;elasticsearch-0.90.11;rf;0.06879195;0.07907743;0.06281834;0.0754717;0.3904762;0.3779528;0.4065934;0.3484848;0.03771849;0.04415823;0.03403864;0.04231831;0.6832018;0.7003008;0.6931684;0.6984791;0.03771849;0.04415823;0.03403864;0.04231831;0.9924962;0.9907375;0.9936687;0.9899168;0.09206066;0.09678853;0.092060663;0.08772222
100;0;1;0;0;0;0;0;0;0;1;1;0;0;1;1;0;0;0;1;0;0;0;0;1;0;0;0;0;1;0;1;0;0;1;0;1;0;0;0;0;1;0;1;1;0;0;0;0;0;0;0;1;0;0;0;0;0;0;0;0;1;hazelcast-3.3;rpart;0.172209;0.1889927;0.1409147;0.2493586;0.338785;0.2716418;0.3149171;0.3506494;0.1154459;0.1449045;0.09076433;0.1934713;0.6476289;0.6237992;0.5731905;0.639726;0.1154459;0.1449045;0.09076433;0.1934713;0.9696742;0.9477068;0.9734248;0.9517788;0.139748;0.1229976;0.1397483;0.1898997
100;0;1;0;0;0;0;0;0;0;1;1;0;0;1;1;0;0;0;1;0;0;0;0;1;0;0;0;0;1;0;1;0;0;1;0;1;0;0;0;0;1;0;1;1;0;0;0;0;0;0;0;1;0;0;0;0;0;0;0;0;1;hazelcast-3.3;knn;0.2044629;0.1928227;0.1787521;0.193133;0.2935917;0.294599;0.3040153;0.2960526;0.1568471;0.1433121;0.1265924;0.1433121;0.6502341;0.6829701;0.6698008;0.684051;0.1568471;0.1433121;0.1265924;0.1433121;0.949207;0.9538148;0.9609944;0.9541363;0.1407533;0.1346794;0.14075333;0.1354378
100;0;1;0;0;0;0;0;0;0;1;1;0;0;1;1;0;0;0;1;0;0;0;0;1;0;0;0;0;1;0;1;0;0;1;0;1;0;0;0;0;1;0;1;1;0;0;0;0;0;0;0;1;0;0;0;0;0;0;0;0;1;hazelcast-3.3;naive_bayes;0.2875;0.3065308;0.3000811;0.3232617;0.3015734;0.2914573;0.3057851;0.2977867;0.2746815;0.3232484;0.294586;0.3535032;0.7148955;0.7206927;0.7189772;0.7228272;0.2746815;0.3232484;0.294586;0.3535032;0.9143806;0.8942349;0.9099871;0.8878054;0.1969227;0.2080447;0.19692273;0.2243195
100;0;1;0;0;0;0;0;0;0;1;1;0;0;1;1;0;0;0;1;0;0;0;0;1;0;0;0;0;1;0;1;0;0;1;0;1;0;0;0;0;1;0;1;1;0;0;0;0;0;0;0;1;0;0;0;0;0;0;0;0;1;hazelcast-3.3;glm;0.2723493;0.2752953;0.2638522;0.2681159;0.3922156;0.3878437;0.3912363;0.3831361;0.2085987;0.2133758;0.1990446;0.2062102;0.7363458;0.7368427;0.7292428;0.7339051;0.2085987;0.2133758;0.1990446;0.2062102;0.9564938;0.9546721;0.9583155;0.955315;0.2195662;0.2200009;0.21956623;0.2136331
100;0;1;0;0;0;0;0;0;0;1;1;0;0;1;1;0;0;0;1;0;0;0;0;1;0;0;0;0;1;0;1;0;0;1;0;1;0;0;0;0;1;0;1;1;0;0;0;0;0;0;0;1;0;0;0;0;0;0;0;0;1;hazelcast-3.3;rf;0.1937799;0.1849642;0.1848225;0.1838806;0.3894231;0.3690476;0.3994709;0.3675418;0.1289809;0.1234076;0.1202229;0.1226115;0.703559;0.7055023;0.7090679;0.706564;0.1289809;0.1234076;0.1202229;0.1226115;0.9727818;0.9716031;0.9756751;0.9716031;0.169364;0.1574028;0.1693643;0.1562622
100;0;1;0;0;0;0;0;0;0;1;0;1;0;1;0;1;0;0;0;0;0;0;0;1;1;0;0;1;1;0;0;0;0;0;0;1;0;0;1;0;0;0;0;0;0;1;0;0;0;1;0;0;0;0;0;0;0;0;1;1;0;mapdb-0.9.6;rpart;0.2293154;0.2293154;0.2293154;0.2293154;0.3141542;0.3141542;0.3141542;0.3141542;0.1805556;0.1805556;0.1805556;0.1805556;0.5775208;0.5775208;0.5775208;0.5775208;0.1805556;0.1805556;0.1805556;0.1805556;0.9445685;0.9445685;0.9445685;0.9445685;0.1603224;0.1603224;0.16032243;0.1603224
100;0;1;0;0;0;0;0;0;0;1;0;1;0;1;0;1;0;0;0;0;0;0;0;1;1;0;0;1;1;0;0;0;0;0;0;1;0;0;1;0;0;0;0;0;0;1;0;0;0;1;0;0;0;0;0;0;0;0;1;1;0;mapdb-0.9.6;knn;0.2163588;0.197;0.2281879;0.2193141;0.3228346;0.4036885;0.3119266;0.3451705;0.1626984;0.130291;0.1798942;0.1607143;0.6439304;0.6332026;0.6431936;0.6313688;0.1626984;0.130291;0.1798942;0.1607143;0.9520089;0.9729353;0.9441964;0.9571243;0.1562239;0.1736209;0.15622393;0.1665492
100;0;1;0;0;0;0;0;0;0;1;0;1;0;1;0;1;0;0;0;0;0;0;0;1;1;0;0;1;1;0;0;0;0;0;0;1;0;0;1;0;0;0;0;0;0;1;0;0;0;1;0;0;0;0;0;0;0;0;1;1;0;mapdb-0.9.6;naive_bayes;0.2641614;0.273044;0.2732811;0.2831228;0.2268628;0.2620061;0.2434109;0.2774603;0.3161376;0.2850529;0.3115079;0.2890212;0.6532634;0.656454;0.6626949;0.6642032;0.3161376;0.2850529;0.3115079;0.2890212;0.8484933;0.8870908;0.8638393;0.8941592;0.1434884;0.1660683;0.14348843;0.1800075
100;0;1;0;0;0;0;0;0;0;1;0;1;0;1;0;1;0;0;0;0;0;0;0;1;1;0;0;1;1;0;0;0;0;0;0;1;0;0;1;0;0;0;0;0;0;1;0;0;0;1;0;0;0;0;0;0;0;0;1;1;0;mapdb-0.9.6;glm;0.2378003;0.2501744;0.2372714;0.2712674;0.190099;0.1929007;0.1894238;0.2018734;0.3174603;0.3558201;0.3174603;0.4133598;0.6189247;0.6269048;0.6181408;0.6503384;0.3174603;0.3558201;0.3174603;0.4133598;0.8098028;0.7906436;0.8089658;0.7701823;0.103475;0.114878;0.1034753;0.1389052
100;0;1;0;0;0;0;0;0;0;1;0;1;0;1;0;1;0;0;0;0;0;0;0;1;1;0;0;1;1;0;0;0;0;0;0;1;0;0;1;0;0;0;0;0;0;1;0;0;0;1;0;0;0;0;0;0;0;0;1;1;0;mapdb-0.9.6;rf;0.231961;0.2044888;0.1664017;0.204431;0.3507363;0.4158215;0.4186667;0.42827;0.1732804;0.135582;0.103836;0.1342593;0.6465888;0.6498472;0.6685274;0.6443768;0.1732804;0.135582;0.103836;0.1342593;0.9548921;0.9732143;0.9797247;0.9747954;0.1761917;0.1820977;0.17619173;0.1860024
100;0;0;0;0;0;1;0;0;0;1;0;1;0;1;1;0;0;0;0;0;0;0;0;1;1;0;0;0;0;1;1;0;0;0;0;1;0;0;1;0;0;0;0;0;0;0;0;0;0;0;0;1;0;0;0;1;0;0;0;0;0;mcMMO-1.4.06;rpart;0.301534;0.2998213;0.2910499;0.3033047;0.2332221;0.2235921;0.2191358;0.2276589;0.4264407;0.4549153;0.4332203;0.4542373;0.6341937;0.6802392;0.6760595;0.6875215;0.4264407;0.4549153;0.4332203;0.4542373;0.8062582;0.7817126;0.7866779;0.7870527;0.1828738;0.1791964;0.18287383;0.1839366
100;0;0;0;0;0;1;0;0;0;1;0;1;0;1;1;0;0;0;0;0;0;0;0;1;1;0;0;0;0;1;1;0;0;0;0;1;0;0;1;0;0;0;0;0;0;0;0;0;0;0;0;1;0;0;0;1;0;0;0;0;0;mcMMO-1.4.06;knn;0.2752577;0.2794521;0.2761098;0.2820746;0.2220374;0.2535912;0.2221305;0.2552141;0.3620339;0.3111864;0.3647458;0.3152542;0.6274936;0.6612165;0.6258469;0.6601292;0.3620339;0.3111864;0.3647458;0.3152542;0.8247143;0.8734308;0.8234963;0.8728687;0.1530699;0.1693375;0.15306993;0.1720838
100;0;0;0;0;0;1;0;0;0;1;0;1;0;1;1;0;0;0;0;0;0;0;0;1;1;0;0;0;0;1;1;0;0;0;0;1;0;0;1;0;0;0;0;0;0;0;0;0;0;0;0;1;0;0;0;1;0;0;0;0;0;mcMMO-1.4.06;naive_bayes;0.2875696;0.3008946;0.2983725;0.307237;0.2643547;0.2506775;0.2685838;0.2546833;0.3152542;0.3762712;0.3355932;0.3871186;0.691217;0.7022244;0.6953791;0.7053923;0.3152542;0.3762712;0.3355932;0.3871186;0.8787708;0.8445756;0.8737118;0.8434514;0.1800847;0.1868435;0.18008473;0.1941215
100;0;0;0;0;0;1;0;0;0;1;0;1;0;1;1;0;0;0;0;0;0;0;0;1;1;0;0;0;0;1;1;0;0;0;0;1;0;0;1;0;0;0;0;0;0;0;0;0;0;0;0;1;0;0;0;1;0;0;0;0;0;mcMMO-1.4.06;glm;0.3035163;0.2820287;0.3003977;0.2689416;0.278438;0.2484504;0.2736901;0.2344932;0.3335593;0.3261017;0.3328814;0.3152542;0.6645449;0.6508809;0.6622113;0.6453842;0.3335593;0.3261017;0.3328814;0.3152542;0.8805509;0.8636875;0.8779277;0.8577853;0.1983527;0.1693564;0.19835273;0.1529215
100;0;0;0;0;0;1;0;0;0;1;0;1;0;1;1;0;0;0;0;0;0;0;0;1;1;0;0;0;0;1;1;0;0;0;0;1;0;0;1;0;0;0;0;0;0;0;0;0;0;0;0;1;0;0;0;1;0;0;0;0;0;mcMMO-1.4.06;rf;0.3072537;0.3114504;0.3031522;0.3206154;0.2883472;0.2833333;0.2999336;0.2935211;0.3288136;0.3457627;0.3064407;0.3532203;0.695859;0.7041499;0.7014286;0.7095803;0.3288136;0.3457627;0.3064407;0.3532203;0.8878583;0.8791456;0.9011617;0.8825183;0.2048982;0.2067662;0.20489823;0.2179807
100;0;1;0;0;0;0;0;0;0;1;0;1;0;1;1;0;0;0;1;0;0;0;0;0;0;0;1;0;1;0;0;0;0;1;1;1;0;0;0;0;1;0;0;1;1;0;0;0;0;0;0;0;0;0;0;0;0;0;0;0;0;netty;rpart;0.22984;0.2395437;0.2252842;0.2395437;0.2011429;0.2051004;0.2056604;0.2051004;0.2680883;0.2878903;0.249048;0.2878903;0.5998083;0.6004337;0.5995278;0.6004337;0.2680883;0.2878903;0.249048;0.2878903;0.8649536;0.8584815;0.8779946;0.8584815;0.1177519;0.126835;0.11775193;0.126835
100;0;1;0;0;0;0;0;0;0;1;0;1;0;1;1;0;0;0;1;0;0;0;0;0;0;0;1;0;1;0;0;0;0;1;1;1;0;0;0;0;1;0;0;1;1;0;0;0;0;0;0;0;0;0;0;0;0;0;0;0;0;netty;knn;0.2586207;0.27416;0.2558902;0.2741026;0.2120917;0.224878;0.2102941;0.2244898;0.3313024;0.3511043;0.3267327;0.351866;0.6256831;0.6346323;0.6252901;0.633881;0.3313024;0.3511043;0.3267327;0.351866;0.8438949;0.8465031;0.8443779;0.8458269;0.1454578;0.1640953;0.14545783;0.1639151
100;0;1;0;0;0;0;0;0;0;1;0;1;0;1;1;0;0;0;1;0;0;0;0;0;0;0;1;0;1;0;0;0;0;1;1;1;0;0;0;0;1;0;0;1;1;0;0;0;0;0;0;0;0;0;0;0;0;0;0;0;0;netty;naive_bayes;0.2763292;0.2846395;0.2797522;0.2971256;0.2487805;0.2418753;0.2445838;0.2464859;0.3107388;0.345773;0.3267327;0.3739528;0.6799018;0.6917292;0.6817326;0.6920433;0.3107388;0.345773;0.3267327;0.3739528;0.8809892;0.8625386;0.8720054;0.8550039;0.1743275;0.1791757;0.17432753;0.192297
100;0;1;0;0;0;0;0;0;0;1;0;1;0;1;1;0;0;0;1;0;0;0;0;0;0;0;1;0;1;0;0;0;0;1;1;1;0;0;0;0;1;0;0;1;1;0;0;0;0;0;0;0;0;0;0;0;0;0;0;0;0;netty;glm;0.3322601;0.325381;0.323393;0.3281302;0.2877858;0.2879765;0.286217;0.2909305;0.3929931;0.3739528;0.3716679;0.3762376;0.7183561;0.715406;0.7124274;0.7140139;0.3929931;0.3739528;0.3716679;0.3762376;0.8766422;0.882728;0.8824382;0.883694;0.2362809;0.2296392;0.23628093;0.2329445
100;0;1;0;0;0;0;0;0;0;1;0;1;0;1;1;0;0;0;1;0;0;0;0;0;0;0;1;0;1;0;0;0;0;1;1;1;0;0;0;0;1;0;0;1;1;0;0;0;0;0;0;0;0;0;0;0;0;0;0;0;0;netty;rf;0.2755693;0.2862761;0.2893323;0.2849228;0.2793427;0.295935;0.29157;0.2965404;0.2718964;0.2772277;0.2871287;0.2741813;0.686524;0.6910593;0.6933088;0.6913437;0.2718964;0.2772277;0.2871287;0.2741813;0.9110317;0.9163447;0.9115147;0.9175039;0.1851034;0.1991999;0.18510343;0.1984014
100;0;0;0;0;0;1;0;0;0;1;1;0;0;0;1;0;1;0;1;0;0;0;0;0;0;0;0;0;0;1;1;0;0;1;0;1;1;0;1;0;1;0;0;0;1;1;0;0;0;0;0;0;0;0;0;0;0;0;1;0;0;oryx;rpart;0.1871886;0.1871886;0.1871886;0.1871886;0.1990916;0.1990916;0.1990916;0.1990916;0.1766286;0.1766286;0.1766286;0.1766286;0.5350001;0.5350001;0.5350001;0.5350001;0.1766286;0.1766286;0.1766286;0.1766286;0.9006106;0.9006106;0.9006106;0.9006106;0.08136424;0.08136424;0.081364243;0.08136424
100;0;0;0;0;0;1;0;0;0;1;1;0;0;0;1;0;1;0;1;0;0;0;0;0;0;0;0;0;0;1;1;0;0;1;0;1;1;0;1;0;1;0;0;0;1;1;0;0;0;0;0;0;0;0;0;0;0;0;1;0;0;oryx;knn;0.1284338;0.08762229;0.1312988;0.08614072;0.1369863;0.1194896;0.1392024;0.1179907;0.1208865;0.06917394;0.1242445;0.06783076;0.5966317;0.6185606;0.5976862;0.6172453;0.1208865;0.06917394;0.1242445;0.06783076;0.8934711;0.9286989;0.8925317;0.9290747;0.01515972;-0.002716825;0.015159723;-0.003965207
100;0;0;0;0;0;1;0;0;0;1;1;0;0;0;1;0;1;0;1;0;0;0;0;0;0;0;0;0;0;1;1;0;0;1;0;1;1;0;1;0;1;0;0;0;1;1;0;0;0;0;0;0;0;0;0;0;0;0;1;0;0;oryx;naive_bayes;0.2830378;0.2858991;0.2954171;0.2994278;0.282;0.275733;0.2901554;0.2842486;0.2840833;0.2968435;0.3008731;0.3163197;0.6922911;0.7052166;0.701827;0.7096147;0.2840833;0.2968435;0.3008731;0.3163197;0.8988257;0.8909347;0.8970409;0.8885862;0.1823313;0.1819549;0.18233133;0.195792
100;0;0;0;0;0;1;0;0;0;1;1;0;0;0;1;0;1;0;1;0;0;0;0;0;0;0;0;0;0;1;1;0;0;1;0;1;1;0;1;0;1;0;0;0;1;1;0;0;0;0;0;0;0;0;0;0;0;0;1;0;0;oryx;glm;0.2848189;0.2789715;0.2893558;0.2882825;0.2957339;0.2933333;0.2970297;0.2761378;0.274681;0.2659503;0.2820685;0.3015447;0.643409;0.6395498;0.6426982;0.6299144;0.274681;0.2659503;0.2820685;0.3015447;0.9085016;0.9103805;0.9066228;0.8894317;0.1891337;0.1839888;0.18913373;0.1839414
100;0;0;0;0;0;1;0;0;0;1;1;0;0;0;1;0;1;0;1;0;0;0;0;0;0;0;0;0;0;1;1;0;0;1;0;1;1;0;1;0;1;0;0;0;1;1;0;0;0;0;0;0;0;0;0;0;0;0;1;0;0;oryx;rf;0.1215772;0.2035529;0.1186346;0.106086;0.3293769;0.2267106;0.3557047;0.3145695;0.07454668;0.1846877;0.07118872;0.06380121;0.6900116;0.6896065;0.6974722;0.6979611;0.07454668;0.1846877;0.07118872;0.06380121;0.9787694;0.9118835;0.9819634;0.9805543;0.1064578;0.1056346;0.10645783;0.09341889
100;0;0;0;0;0;0;1;0;0;1;0;1;0;1;1;1;1;0;1;0;0;0;1;0;1;0;1;0;1;0;0;0;0;0;0;0;1;0;1;0;1;0;0;1;0;1;0;0;0;0;1;0;0;0;0;0;0;0;0;0;0;titan-0.5.1;rpart;0.04048071;0.05896806;0.08433048;0.05896806;0.2782609;0.2962963;0.2560554;0.2962963;0.0218281;0.03274216;0.05047749;0.03274216;0.5451661;0.5540244;0.580349;0.5540244;0.0218281;0.03274216;0.05047749;0.03274216;0.9918178;0.9887618;0.9788052;0.9887618;0.04576898;0.06089312;0.045768983;0.06089312
100;0;0;0;0;0;0;1;0;0;1;0;1;0;1;1;1;1;0;1;0;0;0;1;0;1;0;1;0;1;0;0;0;0;0;0;0;1;0;1;0;1;0;0;1;0;1;0;0;0;0;1;0;0;0;0;0;0;0;0;0;0;titan-0.5.1;knn;0.002695418;0.009395973;0.00268998;0.009395973;0.1111111;0.2916667;0.0952381;0.2916667;0.001364256;0.004774898;0.001364256;0.004774898;0.6496312;0.6507803;0.6479062;0.6498237;0.001364256;0.004774898;0.001364256;0.004774898;0.9984227;0.9983241;0.998127;0.9983241;-0.001798449;0.0226634;-0.0017984493;0.0226634
100;0;0;0;0;0;0;1;0;0;1;0;1;0;1;1;1;1;0;1;0;0;0;1;0;1;0;1;0;1;0;0;0;0;0;0;0;1;0;1;0;1;0;0;1;0;1;0;0;0;0;1;0;0;0;0;0;0;0;0;0;0;titan-0.5.1;naive_bayes;0.1556503;0.1806918;0.1723238;0.1911988;0.3560976;0.3715499;0.3674833;0.369863;0.09959072;0.1193724;0.1125512;0.1289222;0.675405;0.6898722;0.6845256;0.6966349;0.09959072;0.1193724;0.1125512;0.1289222;0.9739748;0.9708202;0.9720032;0.9682571;0.1323868;0.151848;0.13238683;0.1573596
100;0;0;0;0;0;0;1;0;0;1;0;1;0;1;1;1;1;0;1;0;0;0;1;0;1;0;1;0;1;0;0;0;0;0;0;0;1;0;1;0;1;0;0;1;0;1;0;0;0;0;1;0;0;0;0;0;0;0;0;0;0;titan-0.5.1;glm;0.0950783;0.09916435;0.0993926;0.0983969;0.2639752;0.2705167;0.2608696;0.2594752;0.0579809;0.06070941;0.06139154;0.06070941;0.6285844;0.6275212;0.6261142;0.6259662;0.0579809;0.06070941;0.06139154;0.06070941;0.9766364;0.9763407;0.974862;0.9749606;0.07002108;0.07416335;0.070021083;0.06997184
100;0;0;0;0;0;0;1;0;0;1;0;1;0;1;1;1;1;0;1;0;0;0;1;0;1;0;1;0;1;0;0;0;0;0;0;0;1;0;1;0;1;0;0;1;0;1;0;0;0;0;1;0;0;0;0;0;0;0;0;0;0;titan-0.5.1;rf;0.01348618;0.01080351;0.01347709;0.01214575;0.5882353;0.5333333;0.5555556;0.5625;0.006821282;0.005457026;0.006821282;0.006139154;0.7081904;0.7172575;0.722427;0.7218544;0.006821282;0.005457026;0.006821282;0.006139154;0.9993099;0.9993099;0.9992114;0.9993099;0.05325938;0.04407906;0.053259383;0.04878868
